{"cameraMode":{"drawMode":0,"name":"Shaded","section":"Shading Mode"},"sceneLighting":true,"audioPlay":false,"sceneViewState":{"showFog":false,"showMaterialUpdate":false,"showSkybox":false,"showFlares":false,"showImageEffects":false,"showParticleSystems":false},"in2DMode":false,"pivot":{"x":-204.65675354003907,"y":-3066.626708984375,"z":-4994.04931640625},"rotation":{"x":0.004991954658180475,"y":-0.9606794714927673,"z":0.2770896553993225,"w":0.01729956828057766},"size":3001.81982421875,"orthographic":false}